Albert-Einstein-195	AlbertEinstein
basab-goswami-3	basab_goswami
bala-chandru-1	balachandru
ayan-das-91	ayan_das
vishal-padghan	vishalpadghan
tom-maton-1	tommaton
